Day,Time,Location,Focal Individual,Behaviour,Social Partners(s),Partner's response,Notes
1,8:32 AM,1,.9,Mating,8.,N/A,
1,8:33 AM,5,.5,Mating,1.,N/A,
1,8:34 AM,4,.1,Mount ,4.,Ran away,
1,8:35 AM,10,.7,Mating,7.,N/A,
1,8:36 AM,7,.2,Mating,3.,N/A,
1,8:37 AM,5,.3,Mount ,1.,Pressing firmly against shelter wall,
1,8:40 AM,7,.2,Mount ,3.,Ran away,
1,8:40 AM,5,.3,Mount ,1.,Pressing firmly against shelter wall,
1,8:45 AM,5,.3,Mount ,1.,Pressing firmly against shelter wall,
1,8:48 AM,5,.3,Mount ,1.,Pressing firmly against shelter wall,
1,8:49 AM,7,.2,Mount ,3.,Ran away,
1,8:49 AM,1,.9,Mating,1:,N/A,
1,8:50 AM,11,.0,Mating,0:,Walked around,
1,8:54 AM,11,0:,Exit 11,N/A,N/A,
1,8:55 AM,4,0:,Enter 4,,N/A,
1,8:55 AM,4,.1                                                                                                                                                                                                                                                                                                                                                        ,Mount,0:,Ran away,
1,9:05 AM,2,.4,Mating,6.,Left 2 with .4 on her,
1,9:06 AM,7,3.,Move within 7,.2,N/A,
1,9:09 AM,2,.4,Enter 2,N/A,N/A,
1,9:09 AM,10,7.,Left 10,N/A,Left 9.,
1,9:10 AM,10,.8,Move within 10,9.,Left .7 and 2.,
1,9:11 AM,5,.3,Mount,.5,N/A,
1,9:12 AM,10,2.,Move within 10,N/A,No longer with .7,
1,9:12 AM,10,.7,Mating,2.,N/A,
1,9:13 AM,10,.8,Mount,9.,Pressing firmly against shelter wall,
1,9:15 AM,7,.2,Move within 7,N/A,No longer with 3.,
1,9:16 AM,8,:1,Exit 8,N/A,N/A,
1,9:16 AM,7,3.,Exit 7,N/A,N/A,
1,9:17 AM,12,3.,Enter 12,N/A,N/A,
1,9:17 AM,1,1:,Move within 1,N/A,N/A,
1,9:18 AM,11,:1,Enter 11,.0,N/A,
1,9:19 AM,10,.8,Mount,7.,Walk around,
1,9:20 AM,5,.3,Mount,.5,N/A,
1,9:21 AM,6,6.,Enter 5,N/A,N/A,
1,9:21 AM,10,9.,Left 10,N/A,N/A,
1,9:21 AM,4,:0,Move within 4,.1,N/A,
1,9:22 AM,7,.2,Exit 7,N/A,N/A,
1,9:23 AM,2,.2,Enter 2,N/A,N/A,
1,9:23 AM,9,.9,Enter 9,N/A,N/A,
1,9:34 AM,4,:0,Exit 4,N/A,N/A,
1,9:34 AM,Outside 3,:0,Mating,4.,Running around,
1,9:39 AM,11,:1,Move within 11,.0,N/A,
1,9:41 AM,10,.7,Move within 10,.8,Left 2.,
1,9:49 AM,10,2.,Exit 10,N/A,N/A,
1,9:49 AM,10,7.,Enter 10,N/A,N/A,
1,9:49 AM,10,.7,Mount,7.,Ran away,
1,9:50 AM,10,.7,Move within 10,N/A,No longer with 7. or .8,
1,10:21 AM,4,.1,Mating,0:,"Running around, left 4",
1,10:21 AM,3,0:,Enter 3,9.,Ran away,.1 was still mating with her
1,10:22 AM,3,9.,Left 3,N/A,,
1,10:22 AM,3,0:,Left 3,.1,.1 was still mating with her,
1,10:24 AM,2,9.,Enter 2,N/A,,
1,10:25 AM,8,0:,Enter 8,N/A,,
1,10:25 AM,2,.1,Enter 2,N/A,,
1,10:31 AM,5,.3,Move within 5,N/A,No longer touching 1.,
1,10:36 AM,5,.3,Move within 5,1.,,
1,10:44 AM,1,1:,Exit 1,N/A,,
1,10:44 AM,11,.0,Move within 11,:1,,
1,10:50 AM,7,1:,Enter 7,,,
1,10:50 AM,11,.0,Moe within 11,N/A,No longer with :1,
1,10:50 AM,5,.3,Mount ,1.,,
1,11:06 AM,Outside 2,.1,Mount,.4,,
1,11:11 AM,7,1:,Exit 7,N/A,,
1,11:12 AM,9,.5,Mating,1:,"Walking around, entered 8",
1,11:13 AM,8,1:,Enter 9,.5,.5 was mating with her when she entered,
1,11:14 AM,8,1:,Move within 8,N/A,No longer with .5,
1,11:18 AM,8,.5,Exit 8,N/A,,
1,11:21 AM,4,.5,Enter 4,N/A,,
1,11:22 AM,Outside 2,.4,Move outside 2,N/A,No longer with .1,
1,11:26 AM,4,.5,Exit 4,N/A,,
1,11:26 AM,11,.5,Enter 11,N/A,Touched .0 on the way in,
1,11:29 AM,8,0:,Exit 8,N/A,,
1,11:30 AM,5,1.,Move within 5,N/A,No longer with .3,
1,11:32 AM,10,0:,Enter 10,N/A,Bumped into 7.,
1,11:32 AM,10,7.,Exit 10,N/A,,
1,11:33 AM,12,3.,Exit 12,N/A,,
1,11:37 AM,10,3.,Enter 10,N/A,,
1,11:41 AM,12,7.,Enter 12,N/A,,
1,12:05 PM,1,.5,Move within 1,"8., 0., .9",,
1,12:14 PM,5,6.,Exit 5,N/A,,
1,12:15 PM,10,3.,Exit 10,N/A,No longer with .7,
1,12:17 PM,Open,4.,Bump,7.,Ran away,
1,12:17 PM,11,.0,Exit 11,N/A,,
1,12:18 PM,2,3.,Enter 2,N/A,,
1,12:18 PM,2,.4,Mount,9.,Ran away,
1,12:19 PM,2,3.,Exit 2,N/A,,
1,12:19 PM,2,9.,Exit 2,N/A,,
1,12:21 PM,5,.3,Move within 5,1.,,
1,12:21 PM,9,9.,Enter 9,N/A,,
1,12:22 PM,Outside 7,:0,Mount,.0,Ran away,
1,12:23 PM,4,7.,Enter 4,N/A,,
1,12:23 PM,Open,.0,Mount,3.,Ran away,
1,12:24 PM,12,6.,Enter 12,N/A,,
1,12:24 PM,12,.0,Enter 12,N/A,,
1,12:24 PM,12,.0,Mount,6.,Ran away,
1,12:25 PM,12,6.,Exit 12,N/A,,
1,12:25 PM,8,1:,Exit 8,N/A,,
1,12:26 PM,4,3.,Enter 4,N/A,,
1,12:26 PM,Open,:0,Mating,1:,Running around,
1,12:27 PM,Outside 2,.4,Mount ,":0, 1:",,Mounted :0 who was mating with 1:
1,12:28 PM,5,.3,Move within 5,N/A,No longer with 1.,
1,12:30 PM,1,:0,Enter 1,"0., 8., .9, .5",,
1,12:32 PM,11,0.,Left 11,N/A,,
1,12:33 PM,12,.0,Exit 12,N/A,,
1,12:34 PM,Open,1:,Bump,6.,Ran away,
1,12:35 PM,3,6.,Enter 3,N/A,,
1,12:37 PM,11,.1,Enter 11,:1,,
1,12:39 PM,5,.3,Exit 5,N/A,,
1,12:39 PM,3,6.,Exit 3,N/A,,
1,12:40 PM,8,.0,Enter 8,5.,,
1,12:41 PM,Open,.0,Mount,6.,Ran away,
1,12:41 PM,8,0.,Move within 8,N/A,,
1,12:45 PM,9,9.,Exit 9,N/A,,
1,12:46 PM,Open,.1,Mating,9.,"Running around, entered 2",
1,12:47 PM,2,.2,Mount,9.,,Tried to mount 9. while .1 was mating with her which ended the mating
1,12:48 PM,2,9.,Exit 2,N/A,,
1,12:48 PM,3,9.,Enter 3,N/A,,
1,12:49 PM,12,.3,Enter 12,N/A,,
1,12:50 PM,8,0.,Exit 8,N/A,,
1,12:50 PM,9,0.,Enter 9,N/A,,
1,1:01 PM,4,7.,Exit 4,N/A,,
1,1:04 PM,Feeder,1:,Feeding,N/A,,
1,1:06 PM,Feeder,1.,Approach feeder,N/A,,Ran away
1,1:07 PM,Feeder,3.,Feeding,N/A,,
1,1:07 PM,7,1:,Enter 7,N/A,,
1,1:08 PM,Outside 2,.1,Mount,1.,Ran away into 2,
1,1:09 PM,Outside 4,.0,Mount,7.,Ran away,
1,1:11 PM,8,3.,Enter 8,N/A,,
1,1:14 PM,Feeder,.0,Approach feeder,N/A,,
1,1:18 PM,Feeder,.0,Attempt feeding,N/A,,
1,1:18 PM,1,.5,Moved within 1,N/A,"No longer with .9, 8., and :0",
1,1:19 PM,10,.7,Enter 10,.8,,
1,1:21 PM,10,.7,Moved within 10,N/A,,
1,1:23 PM,Feeder,7.,Feeding,N/A,,
1,1:23 PM,1,.9,Moved within 1,N/A,No longer with 8. and :0,
1,1:24 PM,10,.7,Mount,8.,Shake and ran away,
1,1:24 PM,1,.9,Moved within 1,:0 and 8.,,
1,1:26 PM,8,0.,Enter 8,N/A,,
1,1:26 PM,8,3.,Left 8,N/A,Was touched by 0. and ran away,
1,1:27 PM,7,3.,Enter 7,N/A,,
1,1:27 PM,Feeder,9.,Feeding,N/A,,
1,1:28 PM,4,.3,Mating,0.,Walked around,
1,1:29 PM,Outside 8,.0,Mount,5.,Ran away,
1,1:31 PM,Feeder,5.,Attempt feeding,N/A,,
1,1:32 PM,3,9.,Enter 3,N/A,,
1,1:34 PM,10,.8,Mount,4.,Ran away,
1,1:35 PM,10,4.,Exit 10,N/A,,
1,1:35 PM,1,:0,Exit 1,N/A,,
1,1:36 PM,1,.5,Exit 1,N/A,,
1,1:36 PM,1,.9,Moved within 1,N/A,No longer with anyone,
1,1:37 PM,Feeder,2.,Attempt feeding,N/A,,
1,1:38 PM,Feeder,5.,Attempt feeding,N/A,,
1,1:39 PM,1,:0,Enter 1,N/A,,
1,1:40 PM,10,7.,Enter 10,N/A,,
1,1:42 PM,Outside 2,.1,Mount,.2,,
1,1:43 PM,Outside 1,.4,Mount ,.7,Ran away,
1,1:43 PM,Feeder,.1,Feeding,N/A,,
1,1:45 PM,1,.1,Enter 7,,,
1,1:46 PM,1,:0,Mount ,8.,Ran away,
1,1:46 PM,Outside 1,.4,Mating,5.,,
1,1:48 PM,7,.1,Mount,1:,1: is tightly against wall,
1,1:48 PM,1,.9,Mount,8.,,
1,2:08 PM,6,:1,Enter 6,N/A,,
1,2:09 PM,11,2.,Enter 11,N/A,,
1,2:09 PM,10,.3,Enter 10,N/A,,
1,2:10 PM,Outside 10,:1,Mating,6.,Walk around,
1,2:12 PM,Feeder,.2,Mount,.1,Run away,
1,2:14 PM,6,0:,Enter  6,N/A,,
1,2:14 PM,Feeder,.2,Attempt feeding,N/A,,
1,2:17 PM,Feeder,8.,Attempt feeding,N/A,,
1,2:17 PM,Open,.1,Mount,8.,Ran away,.9 also mounted them which broke up the mounting
1,2:18 PM,Open,:1,Mount,1:,Ran away,0
1,2:19 PM,8,1:,Enter 8,N/A,,
1,2:22 PM,8,1:,Exit 8,N/A,,
1,2:22 PM,2,1:,Enter 2,N/A,,
1,2:26 PM,7,:1,Enter 7,".5, .1, .2, .9",,not sure when this aggregation formed
1,2:30 PM,Feeder,.0,Feeding,N/A,,
1,2:30 PM,Feeder,7.,Feeding,N/A,,Feeding again
1,2:32 PM,6,.0,Enter 6,N/A,,
1,2:33 PM,Feeder,7.,Feeding,N/A,,Feeding again
1,2:35 PM,Feeder,.1,Mount,7.,Continued feeding,
1,2:37 PM,Open,.1,Mount ,:1,,
1,2:38 PM,Feeder,1:,Feeding,N/A,,Feeding again
1,2:41 PM,7,.5,Left 7,N/A,,
1,2:42 PM,Open,.7,Mating,8.,,
1,2:43 PM,7,.1,Left 7,.1,,
1,2:44 PM,9,1:,Enter 9,N/A,,
1,2:49 PM,7,6.,Exit 6,N/A,,
1,3:06 PM,Open,.1,Mating,5.,Walking around,
1,3:07 PM,12,6.,Enter 12,N/A,,
1,3:08 PM,4,1:,Exit 4,N/A,,
1,3:08 PM,10,1:,Enter 10,.8,,
1,3:08 PM,8,.2,Move within 8,.3,,
1,3:09 PM,10,8.,Mount,1:,Pushed against wall,
1,3:10 PM,11,7.,Enter 11,N/A,,
1,3:11 PM,12,6.,Exit 12,N/A,,
1,3:13 PM,10,.8,Move within 10,1:,,
1,3:15 PM,Open,?,Bump,6.,Ran away,
1,3:16 PM,4,:0,Enter 4,N/A,,
1,3:16 PM,7,8.,Left 7,N/A,,
1,3:18 PM,8,.1,Enter 8,N/A,,
1,3:20 PM,12,8.,Enter 12,N/A,,
1,3:20 PM,7,:1,Move within 7,N/A,No longer with .5,
1,3:23 PM,4,:0,Left 4,N/A,was touched by 9. and ran away,
1,3:24 PM,7,:1,Move within 7,.5,,
1,3:28 PM,2,7.,Enter 2,3.,Ran away,
1,3:30 PM,2,.9,Mount,3.,Ran away,
1,3:31 PM,2,.9,Exit 2,N/A,,
1,3:31 PM,2,3.,Exit 2,N/A,,
1,3:31 PM,Outside 7,.6,Mating,0.,Walking around,
1,3:33 PM,1,.9,Mount,2.,Ran away,
1,3:33 PM,Open,.3,Mating,8.,Walking around,
1,3:34 PM,12,6.,Enter 12,N/A,,
1,3:35 PM,11,2.,Enter 11,N/A,,
1,3:35 PM,8,3.,Enter 8,N/A,,
1,3:36 PM,8,:0,Enter 8,N/A,,
1,3:37 PM,Open,.3,Mount,9.,Ran away,
1,3:37 PM,11,9. ,Enter 11,N/A,,
1,3:35 PM,11,.0,Enter 11,2.,,
1,3:39 PM,11,.0,Exit 11,N/A,,
1,3:40 PM,12,6.,Exit 12,N/A,,
1,3:40 PM,12,3.,Exit 12,N/A,,
1,3:41 PM,12,:1,Enter 12,N/A,,
1,3:41 PM,8,.9,Enter 8,N/A,,
1,3:42 PM,8,.9,Mount,.1,Moved away,
1,3:43 PM,8,.1,Move within 8,.2,,
1,3:43 PM,8,.9,Exit 8,N/A,,
1,3:43 PM,8,:0,Exit 8,N/A,,
1,3:44 PM,10,:0,Enter 9,".8, 1:",,
1,3:46 PM,Open,.9,Mount,0.,Ran away,
1,3:47 PM,10,.8,Move within 10,N/A,,
1,4:06 PM,12,3.,Exit 12,N/A,,
1,4:07 PM,8,6.,Enter 8,N/A,,
1,4:08 PM,9,.2,Move within 9,.7,,
1,4:10 PM,10,.5,Move within 10,":0, 9., .9, 1:",Joined the big aggregation,
1,4:10 PM,10,.9,Move within 10,N/A,Left the big aggregation,
1,4:11 PM,10,.5,Mount,.9,Left big aggregation,
1,4:12 PM,10,.9,Exit 10,N/A,,
1,4:12 PM,7,.9,Enter 7,N/A,,
1,4:13 PM,7,.9,Mount,8.,Ran away,
1,4:13 PM,7,8.,Exit 7,N/A,,
1,4:16 PM,Open,.1,Mount,7.,,
1,4:18 PM,10,?,Enter 10,"3., 9., 1:",,
1,4:20 PM,10,0:,Move within 10,.8,,
1,4:21 PM,10,9.,Move within 10,.8 and 0:,Left 1: and 3.,
1,4:27 PM,8,7.,Enter 8,N/A,,
1,4:31 PM,8,:0,Mount ,9. and 3.,Both ran away and exited 10,
1,4:34 PM,5,.5,Enter 5,N/A,,
1,4:35 PM,2,9.,Enter 2,N/A,,
1,4:35 PM,5,.5,Exit 5,N/A,,
1,4:36 PM,5,.6,Exit 5,N/A,,
1,4:36 PM,2,9.,Exit 2,N/A,,
1,4:36 PM,7,9.,Enter 7,N/A,,
1,4:36 PM,7,9.,Exit 7,N/A,,
1,4:37 PM,12,7.,Enter 12,N/A,,
1,4:38 PM,10,.5,Enter 5,".8, 3., 1:",,
1,4:40 PM,3,9.,Enter 3,N/A,,
1,4:41 PM,10,.5,Move within 10,N/A,No longer with anyone,
1,4:42 PM,10,:0,Exit 10,N/A,,
1,4:42 PM,11,:0,Enter 11,N/A,,
1,4:43 PM,11,:0,Exit 11,N/A,,
1,4:45 PM,8,.5,Enter 8,N/A,,
1,4:47 PM,7,9.,Enter 7,N/A,,
1,4:49 PM,9,2.,Mount,6.,,
1,4:49 PM,9,8.,Enter 9,2. and .7,,
1,4:50 PM,9,.2,Exit 9,N/A,,
2,10:12 AM,12,5. ,move within shelter,"away from 1. , 0:, unknown",N/A,
2,10:16 AM,2,.4 ,move within shelter,moved towards .6,N/A,.4 and .6 now in contact 
2,10:22 AM,12,5.,exit shelter ,N/A,N/A,
2,10:29 AM,10,.2,move within shelter,"moved away from .8,3.",N/A,
2,10:36 AM,2,.4,exit shelter ,moved away from .6,N/A,
2,10:38 AM,12,1.,move within shelter,"away from 0:, unknown",N/A,
2,10:40 AM,12,5. ,entering a shelter ,N/A,N/A,
2,10:42 AM,2,.4 ,exit shelter ,away from .6 ,N/A,
2,10:49 AM,12,5. ,exit shelter ,N/A,N/A,
2,10:51 AM,12,5. ,entering a shelter ,N/A,N/A,
2,10:52 AM,12,:1,exit shelter ,N/A,N/A,
2,11:00 AM,10,.2,moved within 10,N/A,N/A,left .8 and 3.
2,11:06 AM,10,.2,Exit 10,N/A,N/A,
2,11:06 AM,Outside 10,.2,Bump,5.,Ran away,
2,11:07 AM,10,0.,Moved within 10,N/A,Left 9.,
2,11:12 AM,10,0.,Exit 10,N/A,N/A,
2,11:13 AM,Outside 10,.2,Mount,0.,Staying still,
2,11:14 AM,Outside 10,.2,Mount,0.,Move away a little,
2,11:16 AM,10,.2,Enter 10,N/A,N/A,
2,11:23 AM,12,1.,move within shelter,:1,N/A,
2,11:27 AM,12,:1,Mating,1.,Run around,Ran into 0: and 7. (all remained together after)
2,11:30 AM,12,:1,moved within 12,N/A,"No longer with 0:, 7., and 1.",
2,11:31 AM,2,.4,Enter 2,.5,N/A,
2,11:31 AM,7,2.,Moved within 7,N/A,No longer with .9,
2,11:33 AM,10,.2,Enter 10,N/A,N/A,
2,11:33 AM,12,:1,Moved within 12,N/A,"Joined 0:, 7., 1.",
2,11:41 AM,Open,0.,Bump,5.,N/A,
2,12:05 PM,2,1.,Enter 2,.4,N/A,
2,12:05 PM,2,.5,Moved within 2,".4, 1.",1. Ran away,
2,12:06 PM,2,1.,Exit 2,N/A,,
2,12:09 PM,8,.0,Moved within 8,N/A,No longer with :0,
2,12:10 PM,8,.0,Mount :0,N/A,,
2,12:21 PM,Open,0.,Bump,1.,Ran away,
2,12:24 PM,Open,5.,Bump,6.,Ran away,
2,12:28 PM,Open,6.,Bump,0.,Ran away,
2,12:29 PM,Open,1.,Bump,6.,Ran away,
2,12:30 PM,1,.3,Move within 1,8.,N/A,
2,12:30 PM,10,6.,Enter 10,9.,N/A,
2,12:32 PM,10,9.,Move within 10,6.,Ran away,
2,12:32 PM,10,6.,Exit 10,N/A,,
2,12:32 PM,12,0:,Move within 12,N/A,No longer with 7.,
2,12:34 PM,Open,1.,Bump,6.,1. Turn around and ran away,
2,12:34 PM,10,9.,Move within 10,3. and .8,,
2,12:35 PM,11,1.,Enter 11,N/A,,
2,12:37 PM,12,7.,Move within 12,0:,,
2,12:41 PM,8,6.,Enter 8,,,
2,12:41 PM,8,:0,Mount,6.,Ran away,
2,12:42 PM,8,6.,Exit 8,N/A,,
2,12:46 PM,8,0.,Enter 8,":0, .0",Aggregation was split up,
2,12:47 PM,8,.0,Mating,0.,N/A,
2,12:48 PM,4,6.,Enter 4,N/A,,
2,1:03 PM,7,.9,Mating,2.,N/A,
2,1:09 PM,12,0:,Move within 12,N/A,No longer with 7.,
2,1:09 PM,7,2.,Move within 7,N/A,No longer with .9,
2,1:10 PM,8,.1,Mount,.0,Ran away,
2,1:11 PM,Open,:0,Moved away,N/A,Moved away from 4.,
2,1:12 PM,Outside 7,:0,Mount,.4,Exit 7,
2,1:12 PM,7,.4,Exit 7,N/A,,
2,1:13 PM,8,.1,Mount,.0,.1 stopped shortly,
2,1:15 PM,8,:0,Enter 8,N/A,,
2,1:16 PM,2,0.,Move within 2,.5,N/A,
2,1:22 PM,8,.1,Mount ,:0,Run away,
2,1:24 PM,8,.1,Move within 8,.0,N/A,
2,1:26 PM,8,.1,Move within 8,:0,No longer with .0,
2,1:27 PM,Open,1.,Bump,5.,Ran away,
2,1:31 PM,9,.7,Exit 9,N/A,,
2,1:31 PM,8,:0,Move within 8,N/A,,
2,1:35 PM,12,0:,Exit 12,N/A,,
2,1:36 PM,8,.1,Mount,:0,Ran away,
2,1:36 PM,8,:0,Exit 8,N/A,,
2,1:37 PM,12,0:,Enter 12,N/A,,
2,1:37 PM,1,.3,Move within 1,N/A,No longer with 8.,
2,1:38 PM,Open,:0,Mount,1.,N/A,
2,1:39 PM,8,.1,Move within 8,.0,N/A,
2,1:39 PM,10,.2,Move within 10,N/A,"No longer with .8, 3., and 9.",
2,1:40 PM,Open,.4,Mount,1.,Ran away,
2,1:42 PM,Open,.4,Bump,1.,Ran away,
2,1:42 PM,8,.1,Mount,.0,Ran away,
2,1:43 PM,9,.7,Enter 9,1:,N/A,
2,1:44 PM,8,.1,Mount,.0,.1 stopped shortly,
2,1:45 PM,8,.1,Mount,.0,.1 stopped shortly,
2,1:45 PM,9,.7,Mating,1:,N/A,
2,1:46 PM,9,.7,Move within 9,N/A,No longer with 1:,
2,1:47 PM,8,.0,Exit 8,N/A,,
2,1:47 PM,8,.0,Enter 8,N/A,,
2,1:47 PM,8,.0,Mount,.1,N/A,
2,1:49 PM,12,5.,Enter 12,:1,N/A,
2,1:49 PM,12,:1,Mount,5.,Ran away and exited 12,
2,2:09 PM,11,.4,Exit 11,N/A,,
2,2:13 PM,Open,.4,Mount,5.,Nothing,.4 looked like it was going to mate and then just stopped and left
2,2:14 PM,12,:0,Move within 12,N/A,No longer with 7.,
2,2:16 PM,7,.4,Enter 7,N/A,,
2,2:16 PM,7,.4,Mount,2.,Ran away and exited 7,
2,2:17 PM,7,2.,Exit 7,N/A,,
2,2:21 PM,7,.4,Move within 7,.9,,
2,2:26 PM,12,:0,Mount ,7.,Ran away,
2,2:28 PM,6,2.,Enter 6,,,
2,2:30 PM,1,.3,Move within 1,8.,N/A,
2,2:41 PM,12,2.,Enter 12,N/A,,
2,3:16 PM,1,.3,Exit 1,N/A,,
2,3:19 PM,1,.3,Enter 1,8.,,
2,3:19 PM,1,.3,Mating,8.,N/A,
2,3:20 PM,1,.3,Move within 1,N/A,No longer with 8.,
2,3:25 PM,Open,1.,Bump,5.,Ran away,
2,3:27 PM,2,5.,Enter 2,N/A,,Walked around and then left
2,3:27 PM,2,5.,Exit 2,N/A,,
2,3:28 PM,7,.4,Exit 7,N/A,,
2,3:29 PM,12,:0,Exit 12,N/A,,
2,3:33 PM,10,.4,Enter 10,"3., .2, .8, 9.",,
2,3:35 PM,1,.3,Move within 1,8.,N/A,
2,3:35 PM,10,.8,Mount,.4,N/A,
2,3:36 PM,10,.8,Mount,.4,N/A,
2,3:40 PM,Open,:0,Bump,1.,N/A,
2,3:41 PM,Open,:0,Bump,5.,"Was climbing wall, no noticable response",
2,3:45 PM,Open,:0,Bump,1.,Ran away,
2,3:46 PM,Open,:0,Bump,1.,Ran away,
2,3:48 PM,10,.8,Mount,.4,N/A,
2,4:20 PM,Open,1.,Bump,5.,N/A,
2,4:36 PM,10,.8,Move within 10,N/A,No longer with the big aggregation,
2,4:37 PM,12,5.,Enter 12,7.,N/A,
3,9:26 AM,4,1:,move in shelter ,away from 6. ,NA,
3,9:28 AM,4,6.,move in shelter ,towards 1:,N/A,now in contact 
3,9:29 AM,4,6. ,move in shelter ,away from 1: ,N/A,
3,9:41 AM,10,.4,move in shelter ,"away from :0, .2, 9., 3. ",N/A,
3,10:01 AM,2,.6,exit,na,,
3,10:10 AM,1,.3,move in shelter ,away from 8.,N/A,
3,10:21 AM,4,6.,exit,na,,
3,10:39 AM,10,.8,exit,na,,
3,10:40 AM,12,2.,exit,na,,
3,10:41 AM,12,6.,enter,na,,
3,10:42 AM,12,6.,exit,na,,
3,10:42 AM,10,.4,exit ,towards .8,N/A,now in contact 
3,10:44 AM,open,6.,bump,2.,N/A,
3,10:45 AM,12,5.,exit ,N/A,,
3,10:46 AM,open,5.,bump,2. ,,
3,10:49 AM,7,6. ,enter,N/A,,
3,10:50 AM,7,6.,exit,N/A,,
3,11:05 AM,10,.8,Enter 10,"3., 9., .2, :0",,Left .4
3,11:06 AM,10,:0,Mount,.8,N/A,":0 quickly got off, everyone aggregating together now"
3,11:09 AM,10,6.,Enter 10,"3., 9., .2, :0, .8",,
3,11:09 AM,10,.4,Mating,6.,Running around,
3,11:10 AM,10,6.,Move within shelter,"3., 9., .2, :0",,
3,11:11 AM,10,8.,Mount,.4,,
3,11:11 AM,12,2.,Enter,N/A,,
3,11:14 AM,10,.4,Move within 10,N/A,,No longer with the big group
3,11:17 AM,10,.8,Mating,6.,Ran away,Running around with .8 on her and pushed .4 out of the shelter and .2 out of aggregation
3,11:19 AM,10,.4,Exit 10,N/A,,Was pushed by .8 mounted on 6.
3,11:20 AM,10,.2,Move within 10,N/A,No longer with the big aggregation,Was pushed by .8 mounted on 6.
3,11:21 AM,10,.8,Mount,.2,N/A,.8 eventually moved off
3,11:21 AM,10,:0,Mount,.8,N/A,:0 moved off quickly
3,11:23 AM,10,.2,Move within 10,"3., 9., :0, 6.",N/A,Back with the large aggregation
3,11:28 AM,12,2.,Exit 12,N/A,,
3,11:29 AM,10,.8,Mount,.2,N/A,",8 eventually just got off"
3,11:30 AM,10,.2,Move within 10,N/A,,No longer with the big group
3,11:35 AM,10,:0,Move within 10,.8,N/A,:0 and .8 no longer with big group
3,11:39 AM,1,8.,Exit 1,N/A,,No longer with .3
3,11:42 AM,10,:0,Move within 10,".8, 3., 9., 6., ",,Joined the big group
3,11:42 AM,10,.8,Move within 10,".8, 3., 9., 6.",,Joined the big group
3,11:43 AM,8,.1,Move within 8,:1,Moved away,No longer with .0
3,11:45 AM,7,0.,Exit 7,N/A,,
3,11:47 AM,10,:0,Exit 10,,,Touched .2 on the way out which got .2 moving
3,11:47 AM,10,.2,Move within 10,".8, 3., 9., 6.",,
3,12:01 PM,Outside 10,8.,Bump,:0,Chased 8. away,
3,12:07 PM,Open,5.,Bump,8.,Ran away,
3,12:14 PM,10,.8,Mount,6.,Ran away,
3,12:15 PM,10,6.,Exit,N/A,,
3,12:16 PM,1,.3,Exit 1,N/A,,
3,12:17 PM,Open,.3,Mount,8.,Ran away,Looked like mating but ended after ~15-20 seconds
3,12:18 PM,10,.8,Move within 10,3. and 9.,N/A,
3,12:19 PM,Open,6.,Bump,5.,N/A,6. Ran away after bumping into 5.
3,12:20 PM,10,.8,Mount ,.2,N/A,.8 got off shortly
3,12:20 PM,8,.1,Exit 8,N/A,,
3,12:23 PM,10,2.,Enter 10,N/A,,
3,12:24 PM,10,.2,Mating,2.,N/A,
3,12:25 PM,10,2.,Moved within 10,N/A,,
3,12:27 PM,9,6.,Enter 9,N/A,,
3,12:28 PM,10,.2,Move within 10,".8, 3., and 9.",,
3,12:29 PM,10,2.,Exit 10,N/A,,
3,12:30 PM,9,6.,Exit 9,N/A,,
3,12:30 PM,Open,7.,Bump,2.,Ran away,
3,12:33 PM,Open,2.,Bump,6.,Ran away,
3,12:34 PM,Open,:0,Bump,6.,Ran away,
3,12:35 PM,Open,.4,Mount,4.,N/A,4. Likely dead or messed up
3,12:36 PM,10,.2,Move within 10,N/A,"No longer with .8, 3., and 9.",
3,12:36 PM,Open,:0,Bump,2.,Ran away,
3,12:41 PM,Open,.4,Mount,8.,Ran away,
3,12:42 PM,1,5.,Enter 1,N/A,,
3,12:44 PM,1,5.,Exit 1,N/A,,
3,12:44 PM,Open,2.,Bump,:0,Ran away,
3,12:46 PM,Open,5.,Bump,8.,Ran away,
3,12:47 PM,Open,:0,Mount,5.,Ran away,
3,12:48 PM,1,.3,Enter 1,N/A,,
3,1:10 PM,Feeder,:0,Attempt feeding,N/A,,Tried for about 3 seconds and then ran away
3,1:11 PM,Feeder,:0,Feeding,,,
3,1:14 PM,Feeder,6.,Approach feeder,,,Ran away before trying
3,1:15 PM,12,7.,Move within 12,N/A,NO longer with .1 and 0:,
3,1:19 PM,8,:1,Move wihin 8,N/A,,
3,1:20 PM,Feeder,0.,Feeding,,,
3,1:21 PM,Feeder,6.,Attempt feeding,,,Tried and then ran away
3,1:22 PM,9,5.,Enter 9,,,
3,1:24 PM,Feeder,8.,Feeding,N/A,,Took a few tries
3,1:25 PM,Feeder,2.,Feeding,N/A,,Took a few tries
3,1:25 PM,Feeder,6.,Feeding,On top of 2.,,
3,1:27 PM,Feeder,6.,Mating,8.,Ran and entered 8,.0 tried to get on top too abd caused 6. to dismount
3,1:29 PM,8,.0,Mount,8.,Running away,
3,1:29 PM,8,8.,Exit,,,
3,1:30 PM,7,6.,Enter 7,N/A,,
3,1:30 PM,7,2.,Enter 7,,,
3,1:31 PM,8,.0,Mount ,:1,N/A,
3,1:33 PM,8,:1,Exit,,,
3,1:34 PM,9,.7,Exit,,,
3,1:35 PM,Feeder,.4,Feeding,,,
3,1:35 PM,7,6.,Exit,,,
3,1:37 PM,Feeder,.5,Attempt feeding,,,Didn't reach the middle of feeder
3,1:37 PM,4,.8,Enter,N/A,,
3,1:38 PM,9,8.,Enter,,,
3,1:38 PM,9,0.,Enter,,,
3,1:38 PM,9,0.,Exit,,,
3,1:39 PM,Feeder,.1,Feeding,,,
3,1:39 PM,12,6.,Enter 12,,,
3,1:40 PM,Open,.5,Mount,:1,Ran away,
3,1:42 PM,11,.8,Enter 11,,,
3,1:42 PM,Feeder,5.,Attempt feeding,,,
3,1:43 PM,Feeder,.9,Attempt feeding,,,Ran away quickly
3,1:46 PM,3,.1,Enter 3,,,Ran away quickly
3,1:50 PM,Feeder,",2",Feeding,,,
3,1:51 PM,Feeder,0:,Feeding,.2,,
3,1:52 PM,Feeder,1.,Attempt feeding,,,Ran away quickly
3,1:52 PM,Feeder,5.,Attempt feeding,,,Ran away quickly
3,1:52 PM,Feeder,5.,Feeding,,,
3,1:53 PM,7,.4,Mount,.6,N/A,
3,1:56 PM,Feeder,.7,Attempt feeding,N/A,,"Ran away quickly, never reached middle"
3,1:56 PM,Feeder,.8,Attempt feeding,N/A,,"Ran away quickly, never reached middle"
3,1:58 PM,Feeder,7.,Feeding,,,
3,2:00 PM,Feeder,1:,Feeding,,,
3,2:04 PM,Open,.7,Mount,1:,Ran away,
3,2:05 PM,12,1:,Enter,,,
3,2:09 PM,7,",4",Enter,2.,,
3,2:10 PM,10,.3,Enter,,,
3,2:11 PM,2,.6,Enter,,,
3,2:11 PM,8,.8,Mount,1.,Ran away into :0 who mounted her ,
3,2:12 PM,8,:0,Mount,1.,Ran away,
3,2:12 PM,1,0:,Enter,,,
3,2:13 PM,Feeder,.7,Approach feeder,,,
3,2:15 PM,Feeder,.7,Approach feeder,,,
3,2:18 PM,4,7.,Enter 4,,,
3,2:18 PM,Feeder,5.,Feeding,,,
3,2:19 PM,Feeder,:1,Feeding,,,
3,2:19 PM,9,.8,Mount,8.,Ran away and pinched against wall,
3,2:20 PM,9,0.,Exit,,,
3,2:23 PM,Feeder,6.,Feeding,,,Again?
3,2:25 PM,7,",4",Mount,6.,Ran away and out of shelter,
3,2:25 PM,7,.4,Mount,:1,Ran away,
3,2:30 PM,7,:1,Mount,0.,Ran away,
3,2:35 PM,7,2.,Enter,6.,,
3,2:35 PM,Feeder,8.,Feeding,N/A,,Feeding again
3,2:38 PM,7,2.,Exit,N/A,,
3,2:38 PM,Feeder,.6,Feeding,N/A,,
3,2:38 PM,3,8.,Enter,.1,,
3,2:39 PM,3,.1,Mating,8.,N/A,
3,2:40 PM,10,.3,Mount,1:,Ran away and into 11,
3,2:44 PM,7,5.,Enter,N/A,,
3,2:44 PM,7,:1,Mount,6.,Pressed against wall,
3,2:45 PM,7,:1,Mount,6.,Still firmly pressed against wall,
3,2:46 PM,7,:1,Exit,N/A,,
3,2:46 PM,7,:1,Enter,N/A,,
3,2:47 PM,11,.5,Mating,1:,Pressed against wall,"Pinched into corner, hard to tell if this was a successful mating but it did last >30 seconds"
3,2:48 PM,Feeder,2.,Feeding,N/A,,Feeding again
3,3:05 PM,3,.1,Mount,8.,Pressed against wall,
3,3:05 PM,3,.1,Mount,8.,Ran away,Pressed against another wall
3,3:09 PM,9,.7,Enter 9,N/A,,
3,3:09 PM,9,.8,Enter 9,N/A,,
3,3:09 PM,9,:0,Mount,.8,N/A,:0 got off really quickly
3,3:10 PM,9,.8,Exit 9,N/A,,
3,3:11 PM,Open,.8,Mount,:1,Ran away,
3,3:12 PM,Open,.9,Mount,:0,Ran away,
3,3:14 PM,12,6.,Enter 12,,,
3,3:16 PM,Open,:0,Mount,1.,Pinched against arena wall then ran away,
3,3:17 PM,6,1:,Exit 6,,,
3,3:17 PM,10,1:,Enter 10,,,
3,3:19 PM,Outside 9,.7,Mount,0:,Ran away,
3,3:20 PM,8,.6,Enter 8,,,
3,3:20 PM,8,.4,Mount,N/A,Quickly got off,
3,3:21 PM,Open,,,,,".6, .7, .9 all mounted each other"
3,3:21 PM,10,3.,Enter,,,
3,3:22 PM,Open,.6,Mount,.7,Ran away,
3,3:23 PM,8,.7,Mount,.0,N/A,
3,3:23 PM,9,.4,Enter 9,,,
3,3:24 PM,4,0:,Enter,,,
3,3:24 PM,12,8.,Enter,6.,,
3,3:25 PM,Open,:0,Mount,1.,Walking around,:0 seems to be struggling to curl under 1.
3,3:27 PM,Open,:0,Mount,1.,Ran away,
3,3:28 PM,2,2.,Enter 2,N/A,,
3,3:29 PM,9,.6,Mount,.7,N.A,.6 got off shortly
3,3:30 PM,2,.1,Enter,,,
3,3:30 PM,12,0.,Enter,N/A,,
3,3:31 PM,2,2.,Exit,,,
3,3:32 PM,5,2.,Enter,,,
3,3:34 PM,11,.5,Mount,.6,N/A,
3,3:37 PM,2,:0,Enter,,,
3,3:38 PM,10,5.,Enter,"9., 7., possibly another?",,
3,3:38 PM,10,.9,Enter,,,
3,3:40 PM,12,.6,Mount,0:,Firmly pressed against wall,
3,3:42 PM,12,.6,Mount,0.,Running around,"the female ran in 7, got mounted by :1 who replaced .6"
3,3:45 PM,7,:1,Mating,0.,N/A,Pushed .6 off
3,3:46 PM,7,0.,Exit 7,,,
3,3:49 PM,10,0:,Enter,"5., 9., and others?",,
3,4:05 PM,8,0.,Enter 8,,,
3,4:06 PM,8,0.,Exit,,,
3,4:07 PM,12,8.,Enter,6.,,
3,4:09 PM,10,.9,Enter,,,
3,4:13 PM,11,.6,Moved within 11,N/A,N/A,No longer with .3
3,4:14 PM,10,.9,Mount,0.,Ran away,0. was approaching 10 but ran away
3,4:15 PM,9,:1,Move within 9,.4,N/A,
3,4:17 PM,12,8.,Exit 12,,,
3,4:18 PM,Open,1.,Bump,0.,Ran away,
3,4:18 PM,Open,8.,Bump,2.,Ran away,
3,4:19 PM,10,.9,Mount,2.,Ran away,2. was trying to enter 10 but ran away
3,4:19 PM,3,2.,Enter,N/A,,
3,4:20 PM,8,.7,Mating,3.,Walking around,
3,4:22 PM,12,0.,Enter 12,,,
3,4:25 PM,11,",6",Exit 11,N/A,No longer with .3,
3,4:26 PM,10,.6,Enter 10,.9,,Briefly mounted by .9
3,4:29 PM,10,.6,Move within 10,"9., 0:, 1: and others",,
3,4:32 PM,9,:1,Exit,N/A,,
3,4:32 PM,9,:1,Enter 8,N/A,,
3,4:33 PM,9,:1,Exit 8,N/A,,
3,4:35 PM,12,0.,Enter 12,,,
3,4:36 PM,12,:1,Enter 12,6.,N/A,
3,4:36 PM,12,0.,Exit 12,,,
3,4:36 PM,12,:1,Mount ,6.,Ran away,
3,4:40 PM,Open,:0,Mating,8.,Walking around,
3,4:41 PM,10,:1,Enter 10,"6., and two others",,Its getting crowded in shelter 10
3,4:46 PM,10,:1,Exit 10,,,
3,4:46 PM,11,:1,Enter 11,,,
3,4:48 PM,11,:0,Enter 11,,,
3,5:01 PM,Open,.1,Mating,3.,,
4,9:13 AM,10,3.,moved within shelter,.6 and .1,.6 moved to be isolated,"3. moved to rest of group, touching unknown bug"
4,9:17 AM,10,.6,moved within shelter,.3 and .1,N/A,.6 moved to touch .3 and .1
4,9:19 AM,10,.3,exited shelter and bump,3.,N/A,ran over 3. during exit
4,9:25 AM,10,.1,mating,3.,ran into group of bugs,could not see if .1 was in mating position 
4,9:26 AM,10,.3,enter,N/A,,
4,9:28 AM,10,.6,mount,.1,ran into group of bugs,
4,9:31 AM,10,3.,moved within shelter,.8 and .6,.6 ran on top of .8,"3. ran ontop of .8, .6 ran on top of .8"
4,9:32 AM,10,3.,shaking,N/A,,
4,9:35 AM,10,.8,moved within shelter,3.,n/a,.8 ran on top of 3.
4,9:36 AM,10,.8,moved within shelter,.6,ran into group of bugs,
4,9:37 AM,10,.3,exit ,N/a,,
4,9:38 AM,10,.8,exit,N/A,,
4,9:38 AM,10,3.,shaking,N/A,,
4,9:39 AM,10,.6,mount,1.,ran into group of bugs,
4,9:42 AM,10,9.,moved within shelter,.1,N/A,
4,9:44 AM,10,.1,moved within shelter,7.,N/A,
4,9:46 AM,10,.1,moved within shelter,7.,7. tried to shake .1 off,
4,9:48 AM,10,.6,moved within shelter,.1,N/A,.6 moved on top of .1
4,10:12 AM,10,9.,shaking,N/A,,
4,10:13 AM,10,.6,mount,9.,9. shaking,
4,10:13 AM,10,5.,moved within shelter,.1,N/A,very fast movement on top of .1
4,10:14 AM,10,1:,shaking,N/A,,
4,10:17 AM,10,.6,moved within shelter,1:,N/A,
4,10:17 AM,10,9.,moved within shelter,.6,N/A,
4,10:19 AM,10,7.,moved within shelter,.6,sharply moved away,
4,10:21 AM,10,1:,moved within shelter,5. and 7. unknown,N/A,
4,10:22 AM,10,7.,moved within shelter,1:,7. moved away from 1:,
4,10:25 AM,10,.6,mount,1:,1: ran away into corner,
4,10:26 AM,10,7.,shaking,N/A,,
4,10:28 AM,10,7.,moved within shelter,.6,N/A,
4,10:31 AM,10,9.,moved within shelter,1:,N/a,
4,10:33 AM,10,7.,moved within shelter,1:,N/A,"7. moved on top of 1:, 9. moved away"
4,10:33 AM,10,9.,moved within shelter,.1,N/A,
4,10:34 AM,10,.8,enter,N/A,,
4,10:38 AM,10,9.,moved within shelter,.6,N/A,
4,10:39 AM,8,.7,moved within shelter,.0,N/A,
4,10:40 AM,2,.2 and .4,moved within shelter,0.,N/A,not sure which moved towards 0. first
4,10:42 AM,10,7.,moved within shelter,1:,N/A,
4,10:47 AM,10,9.,moved within shelter,7.,N/A,
4,10:48 AM,10,3.,moved within shelter,0:,N/A,3. moved away from 0: to be isolated
4,11:05 AM,10,.8,mating,9.,N/A,
4,11:07 AM,10,.6,mount,9.,N/A,
4,11:09 AM,10,9.,shaking,N/A,N/A,
4,11:13 AM,10,3.,exit 10,,,
4,11:14 AM,11,.3,move within shelter,.9,N/A,no longer with 1. and 8.
4,11:22 AM,10,3.,enter,,,
4,11:22 AM,10,.8,mount,3.,ran into group of bugs,
4,11:25 AM,11,1.,shaking,N/A,,moved away from 8.
4,11:26 AM,10,.8,mount,"3,",N/A,run into corner of 10 away from everyone else
4,11:27 AM,11,.3,mount,1.,run away,
4,11:28 AM,11,.3,mount,1.,ran away,"ran out of shelter really fast,"
4,11:28 AM,10,3.,exit 10,N/A,,
4,11:43 AM,12,1.,enter 12,"6., :0",N/A,
4,12:06 PM,8,.7,Mount,3.,Ran away,caused .7 to exit 8
4,12:11 PM,12,1.,moved within shelter,6.,ran away,touched 6. causing her to run away from :0 too
4,12:14 PM,12,:1,mount,.1,ran away,Ran into 6. causing 6. to run away more and then ran back to touching :0
4,12:15 PM,12,1.,shaking,N/A,N/A,
4,12:21 PM,12,1.,exit 12,N/A,,
4,12:25 PM,12,6.,shaking,N/A,N/A,
4,12:34 PM,open,1.,bump,3.,ran away,
4,12:37 PM,10,.8,mount,.1,N/A,.8 stopped quickly
4,12:37 PM,10,.8,mount,1:,N/A,
4,12:38 PM,10,.6,mount,1:,N/A,
4,12:38 PM,10,.1,mount,1:,N/A,
4,12:41 PM,10,.1,mount,7.,N/A,.1 stopped quickly
4,12:43 PM,10,7.,shaking,N/A,,Caused the big group to move slightly away
4,12:46 PM,10,1:,shaking,.6,mounted briefly while this was happening,Caused the big group to move slightly away
4,12:47 PM,11,8.,shaking,N/A,,
4,12:49 PM,open,1.,bump,.3,ran away,
4,1:08 PM,11,9.,move within shelter,N/A,no longer with .9 and ,
4,1:09 PM,5,3.,exit 5,N/A,,
4,1:11 PM,10,1.,enter 10,lots,,joined the big group
4,1:11 PM,10,1.,move within shelter,N/A,,moved away from bit group
4,1:13 PM,10,1.,exit 10,N/A,,
4,1:13 PM,3,3.,enter 3,N/A,,
4,1:20 PM,10,7.,moved within shelter,N/A,,moved away from big group
4,1:23 PM,11,9.,exit 11,N/A,,
4,1:23 PM,11,9.,enter 11,8.,N/A,
4,1:27 PM,11,9.,move within shelter,.9,N/A,
4,1:28 PM,11,.3,exit 11,N/A,,
4,1:29 PM,6,3.,enter 6,,,
4,1:29 PM,6,3.,exit 6,,,
4,1:30 PM,11,9.,exit 11,,,
4,1:31 PM,11,9.,enter 11,,,
4,1:33 PM,5,3.,enter 5,,,
4,1:34 PM,5,3.,exit 5,,,
4,1:35 PM,11,9.,shaking,,,
4,1:43 PM,7,.3,enter 7,N/A,touched :1 briefly ,
4,1:44 PM,8,.7,Mount,.0,N/A,quickly got off
4,1:45 PM,7,.3,exit 7,N/A,,
4,1:48 PM,4,1.,Enter 4,N/A,,
4,2:08 PM,4,9.,Enter 4,N/A,,
4,2:08 PM,Open,3.,Bump,1.,Ran away,
4,2:10 PM,Open,1.,Bump,3.,ran away,
4,2:12 PM,4,9.,Exit 4,N/A,,
4,2:13 PM,8,9.,Enter 8,,,Briefly touched by .0 and ran into corner
4,2:16 PM,8,9.,move within shelter,.0 and .7,,
4,2:18 PM,8,9.,Exit 8,,,
4,2:21 PM,10,9.,Enter 10,,,
4,2:21 PM,10,.8,Mating,9.,Walked into group of bugs,
4,2:21 PM,10,.6,move within shelter,N/A,,Was touched by 9./.8 mating and ran into opposite corner
4,2:23 PM,2,0.,shaking,.5,N/A,
4,2:24 PM,8,.3,Enter 8,N/A,,
4,2:30 PM,1,3.,Enter 1,N/A,,
4,2:34 PM,10,.8,mount,.1,N/A,.8 got off quickly
4,2:36 PM,8,.3,exit 8,N/A,,
4,2:42 PM,8,7.,move within shelter,N/A,,
4,2:43 PM,8,.6,move within shelter,N/A,,
4,2:43 PM,open,1.,bump,3.,Ran away,
4,2:43 PM,11,3.,Enter 11,"3., .9",,
4,2:44 PM,11,3.,Exit 11,N/A,,
4,2:45 PM,8,0.,Mount,1.,ran away,1. approached entering 8 but ran away after mount
4,3:10 PM,9,.3,Enter 9,,,
4,3:11 PM,11,.9,move within shelter,N/A,,No longer with 8.
4,3:22 PM,10,.6,move within shelter,".1, 7., .8, 5., 0: etc.",N/A,Join big group
4,3:30 PM,4,3.,enter 4,N/A,,
4,3:31 PM,4,3.,shaking,N/A,,
4,3:35 PM,10,.3,Enter 10,lots,,Joined big group
4,3:38 PM,4,3.,Exit 4,N/A,,
4,3:46 PM,11,.9,Exit 11,N/A,,
4,3:49 PM,3,3.,Enter 3,N/A,,
4,4:06 PM,2,.5,Mating,3.,Walking around,
4,4:08 PM,10,.3,move within shelter,lots,,Joined big group
4,4:10 PM,2,.4,mating,3.,Running around,"Got mounted by .2 too, left 2 while on 3."
4,4:11 PM,2,.2,Mount,3.,,Mounted 3. while .4 was mating with her
4,4:12 PM,8,.4,Enter 8,.0 and .7,Both mounted .4 once,
4,4:22 PM,2,0.,shaking,.5,,
4,4:27 PM,open,3.,bump,1.,ran away,2 bumps
4,4:30 PM,open,1.,bump,3.,ran away,
4,4:34 PM,4,1.,Enter,N/A,,
4,4:34 PM,5,3.,Enter,2.,,
4,4:35 PM,4,1.,Exit,N/A,,
4,4:35 PM,5,3.,move within shelter,N/A,,no longer with 2.
4,4:36 PM,5,3.,move within shelter,2.,,
4,4:38 PM,5,3.,Exit,N/A,,
4,4:38 PM,9,3.,Enter,N/A,,
4,4:44 PM,9,3.,Exit,N/A,,
4,4:44 PM,8,3.,Enter ,N/A,,
4,4:44 PM,8,3.,Exit,N/A,,
4,4:48 PM,6,3.,Enter ,N/A,,
4,4:49 PM,6,3.,Exit,N/A,,
5,9:13 AM,10,.6,mating,7.,7. moved towards the cluster of other bugs,
5,9:22 AM,10,.3,moved within shelter,moved away from .8,N/A,
5,9:27 AM,10,7.,shaking,NA,,
5,9:31 AM,10,7.,moved within shelter,moved away from 0:,N/A,
5,9:38 AM,10,7.,moved within shelter,moved towards 0:,NA,now in contact 
5,9:39 AM,10,7.,moved within shelter,moved away from 0:,N/a,no longer in contact 
5,9:42 AM,10,1:,moved within shelter,moved away from  0.,N/a ,
5,9:45 AM,10,0:,shaking,NA,,
5,9:49 AM,10,7.,shaking ,NA,,
5,10:02 AM,10,.3,exit ,away from 5.,NA,
5,10:22 AM,1,3.,exit ,NA,,
5,10:22 AM,12,6.,moved within shelter,away from :0,NA,
5,10:24 AM,12,6.,shaking,NA ,,
5,10:27 AM,10,3.,enter,NA,,
5,10:30 AM,10,3.,moved within shelter,moved towards 0:,NA,now in contact 
5,10:31 AM,10,3.,moved within shelter,moved towards1: ,na,now in contact 
5,10:34 AM,10,3.,moved within shelter,away from 1:,NA,
5,10:35 AM,10,7.,exit ,NA,,
5,10:35 AM,10,1:,shake ,,,
5,10:35 AM,10,3.,exit ,.3,NA,now in contact 
5,10:39 AM,10,3.,enter,3.,NA,
5,10:41 AM,10,.8,moved within shelter,1:,NA,now in contact 
5,10:42 AM,10,1:,moved within shelter,0:,NA,1: no longer in contact with .8
5,10:50 AM,10 ,9.,moved within shelter,.1,NA,no longer in contact 
5,11:06 AM,11,8.,moved within shelter,N/A,,no longer with .9
5,11:09 AM,11,.9,moved within shelter,1.,Ran away and out of shelter,
5,11:10 AM,11,1.,exit 11,,,
5,11:11 AM,11,.3,moved within shelter,N/A,no longer with .6,
5,11:14 AM,9,1.,enter 9,N/A,,
5,11:15 AM,11,8.,shaking,N/A,,
5,11:15 AM,11,9.,enter 11,,,
5,11:18 AM,11,9.,move within shelter,,,
5,11:19 AM,10,.6,mount,:1,N/A,
5,11:19 AM,10,.8,mount,.6 and :1,N/A,
5,11:20 AM,10,.1,mount,.6 and :1,N/A,all the males piled on top of each other while female ran away
5,11:21 AM,10,.6,move within shelter,.1 and .8,N/A,these three are now away from the big aggregation
5,11:22 AM,10,1:,exit 10,N/A,,
5,11:23 AM,11,.9,mount,9.,ran away,
5,11:23 AM,11,.9,mount,9.,pressed against wall,
5,11:24 AM,11,1:,enter 11,N/A,,
5,11:25 AM,11,1:,shaking,N/A,,
5,11:26 AM,11,1:,exit 11,N/A,,
5,11:26 AM,11,9.,move within shelter,8.,N/A,
5,11:28 AM,9,1.,exit,N/A,,
5,11:29 AM,11,9.,exit,N/A,,
5,11:30 AM,9,1:,enter ,N/A,,
5,11:31 AM,9,1:,shaking,N/A,,
5,11:31 AM,open,3.,bump,9.,ran away and entered 9,
5,11:32 AM,7,3.,enter ,N/A,,
5,11:33 AM,9,9.,move within shelter,1:,Ran away and out of shelter,
5,11:33 AM,8,4.,mount,1.,ran away,1. was gonna enter 8 but then didn't
5,11:34 AM,8,4.,exit ,N/A,,
5,11:34 AM,7,3.,shaking,N/A,,
5,11:35 AM,9,9.,exit 9,N/A,,
5,11:35 AM,7,:1,mating,3.,tried to run and pin against wall,exited 7 while :1 was on her
5,11:36 AM,10,9.,enter 10,"0., 5., .3, 0:",,
5,11:37 AM,3,1:,enter 3,,,
5,11:37 AM,10,9.,shaking,"0., 5., .3, 0:",,
5,11:39 AM,10,.1,mount,0.,pinned against wall,
5,11:39 AM,7,:1,enter ,,,
5,11:41 AM,10,0.,shaking,,,
5,11:41 AM,10,.8,mount,9.,ran away,
5,11:42 AM,10,.1,mount,.6,N/A,.1 stopped shortly
5,11:42 AM,10,9.,exit 10,,,
5,11:43 AM,12,6.,shaking,N/A,,moved away from :0 a little
5,11:43 AM,10,.6,mount,.1,N/A,.6 stopped shortly
5,11:44 AM,3,1:,shaking,N/A,,
5,11:44 AM,10,0:,shaking,N/A,,
5,12:03 PM,8,.4,mount,0.,ran away,0. was going to enter 8 but ran away
5,12:06 PM,10,1:,enter,,,
5,12:06 PM,10,.3,mount,1:,ran away,
5,12:09 PM,10,.3,mount,.1,N/A,
5,12:10 PM,8,1.,enter ,,,
5,12:10 PM,8,.0,mating,1.,"walked around, ran out of shelter",
5,12:12 PM,8,.2,mount,1. and .0,N/A,Mounted while they were mating
5,12:12 PM,8,.7,mount,1. and .0,N/A,Mounted while they were mating
5,12:13 PM,outside 8,.4,mating,0.,walking around,
5,12:14 PM,outside 8,.7,mount,0.,walking around,Mounted to 0. while .4 was mating with her
5,12:14 PM,outside 8,.7,mating,0.,Entered shelter1,Displaced .4
5,12:17 PM,1,0.,exit 1,,,
5,12:17 PM,9,",4",enter 9,,,
5,12:18 PM,8,.0,Enter 7,,,
5,12:20 PM,10,.1,Mount,.6,N/A,stopped shortly
5,12:27 PM,open,1:,bump,3.,ran away,
5,12:29 PM,10,9.,exit 10,,,
5,12:30 PM,open,0.,bump,3.,ran away,
5,12:31 PM,open,1.,bump,9.,ran away,
5,12:32 PM,open,.9,mount,9.,N/A,stopped shortly
5,12:33 PM,open,9.,bump,3.,ran away,
5,12:33 PM,10,.8,mount,0:,pinned against wall,right side of body pressed firmly to wall
5,12:38 PM,1,.7,enter 1,N/A,,
5,12:38 PM,6,1:,enter 6,N/A,,
5,12:38 PM,2,0.,shaking,N/A,,
5,12:39 PM,6,1:,exit 6,N/A,,
5,12:40 PM,10,.1,mating,0:,walking around,
5,12:43 PM,2,0.,move within shelter,.5,N/A,
5,12:43 PM,2,.5,mount,0.,Ran away and out of shelter,
5,12:43 PM,10,.8,exit shelter,N/A,,
5,12:44 PM,10,.6,mount,:0,curled and pinned against the wall,
5,12:45 PM,open,9.,bump,0.,ran away,
5,12:50 PM,10,0.,enter 10,.3,N/A,
5,1:01 PM,8,.4,enter 8,,,
5,1:01 PM,8,.4,mount,.2,,
5,1:01 PM,8,.2,mount,.4,,
5,1:06 PM,Feeder,1.,Approach feeder,N/A,,Never made it to middle
5,1:06 PM,Feeder,1.,Feeding,,,
5,1:07 PM,10,.6,Mating,0:,Walking around,
5,1:07 PM,10,.1,Mount,"0:, .6",N/A,Tried mounting 0: while .6 was mating with her
5,1:08 PM,Feeder,3.,Attempt feeding,N/A,,
5,1:09 PM,Open,.5,Mount,.9,N/A,Ended shortly
5,1:09 PM,Feeder,1:,Feeding,N/A,,
5,1:10 PM,Feeder,9.,Attempt feeding,N/A,,Ran away 
5,1:12 PM,Open,.8,Mount,.5,N/A,
5,1:13 PM,Feeder,9.,Attempt feeding,,,
5,1:13 PM,Feeder,9.,Bump,1:,Ran away,Both ran away
5,1:15 PM,7,1:,Enter ,N/A,,
5,1:16 PM,Feeder,.4,Feeding,,,
5,1:18 PM,8,1.,Enter,,,
5,1:18 PM,8,.2,Mating,1.,N/A,
5,1:20 PM,Feeder,0:,Feeding,N/A,,
5,1:21 PM,Feeder,9.,Attempt feeding,N/A,,
5,1:22 PM,Outside 11,.1,Mount,.1,N/A,quickly got off
5,1:25 PM,Feeder,9.,Attempt feeding,,,
5,1:34 PM,2,.5,Mount,0:,Run around,
5,1:35 PM,Feeder,3.,Feeding,,,
5,1:36 PM,2,",5",Mount,0:,N/A,
5,1:36 PM,7,.0,Mount,1:,Ran away and out of shelter,
5,1:39 PM,open,.8,Mount,9.,Ran away,
5,1:39 PM,Open,.5,Mating,3.,,
5,1:40 PM,Feeder,.3,Feeding,,,
5,1:40 PM,12,1:,Enter 12,:0,,
5,1:41 PM,Feeder,.5,Attempt feeding,N/A,Ran away before reaching middle,
5,1:43 PM,3,.3,Enter 3,N/A,,
5,1:43 PM,Feeder,7.,Attempt feeding,N/A,,
5,1:46 PM,Feeder,9.,Feeding,N/A,,I accidentally kicked the table and may have prematurely ended this
5,1:46 PM,Mating,0.,,7.,Staying still,I accidentally kicked the table and may have prematurely ended this
5,1:48 PM,Open,.8,Mount,9.,Staying still,Got off quickly
5,1:50 PM,2,.3,Enter,,,
5,1:50 PM,2,.3,Mount,0.,Ran out of shelter,Trying to mate but seems like he's to big to get under her
5,1:52 PM,Outside 11,.7,Mount,.8,N/A,Ended shortly
5,1:56 PM,Outside 7,.5,Mating,9.,Walking around,
5,1:58 PM,Feeder,0.,Feeding,,,
5,2:04 PM,2,.3,Mount,0:,N/A,stopped shortly
5,2:11 PM,Feeder,.8,Approach feeder,,,
5,2:14 PM,2,.3,Mount,0.,Ran away,
5,2:16 PM,2,.3,Mount,0.,Run around,Looks like .3 can't get under her
5,2:20 PM,2,1:,Exit,,,
5,2:20 PM,3,1:,Enter,,,
5,2:20 PM,3,1:,Exit,7.,,Was touched by 7. and ran away
5,2:25 PM,Feeder,7.,Feeding,,,
5,2:29 PM,2,.3,Mount,1:,Ran away and left shelter,
5,2:33 PM,Outside 11,.9,Mount,1:,Ran away,
5,2:34 PM,10,3.,Shaking,,,
5,2:43 PM,Feeder,9.,Attempt feeding,,,
5,3:06 PM,12,.0,Exit 12,N/A,,
5,3:06 PM,11,9.,Exit 11,N/A,,
5,3:08 PM,12,6.,move within shelter,0. and :0,N/A,
5,3:09 PM,1,.0,Enter 1,".7, .4",,
5,3:11 PM,1,.0,Exit 1,N/A,,
5,3:13 PM,6,0:,Enter,N/A,,
5,3:14 PM,7,1:,Enter,7.,,
5,3:15 PM,7,.0,Enter,N/A,,
5,3:15 PM,7,7.,Exit,N/A,,
5,3:16 PM,4,.5,Mount,0:,Ran away and into shelter 5,
5,3:17 PM,3,.3,Exit 3,N/A,,
5,3:17 PM,4,.3,Enter,N/A,,
5,3:18 PM,6,0:,Exit,N/A,,
5,3:18 PM,8,0:,Enter 8,.2,,
5,3:20 PM,9,9.,Enter 9,N/A,,
5,3:20 PM,8,7.,Enter 8,N/A,,
5,3:23 PM,6,2.,Exit 6,N/A,,
5,3:23 PM,4,2.,Enter 4,N/A,,
5,3:27 PM,7,1:,Exit 7,N/A,,
5,3:28 PM,Outside 4,.5,Mount,1:,N/A,
5,3:29 PM,4,2.,Exit 4,N/A,,
5,3:30 PM,4,1:,Exit 4,N/A,,
5,3:31 PM,4,.5,Exit 4,,,
5,3:32 PM,10,.5,Enter 10,,,
5,3:32 PM,10,.9,Mount ,.5,N/A,Ended shortly
5,3:33 PM,5,.8,Exit 5,N/A,,
5,3:33 PM,2,.8,Enter 2,N/A,,
5,3:35 PM,12,.9,Enter 12,":0, 6., 0.",,
5,3:35 PM,12,.9,Mount,:0,N/A,Ended shortly
5,3:37 PM,Outside 12,.9,Mount,1:,Ran away,.9 re-entered 12
5,3:40 PM,8,9.,Enter 8,7.,Left shelter,
5,3:40 PM,3,.3,Enter 3,N/A,,
5,3:44 PM,open,7.,bump,1:,Run around,
5,3:46 PM,10,.9,enter 10,.6,,
5,3:47 PM,9,2.,Enter 9,,,
5,3:48 PM,7,9.,Enter 7,,,
5,3:48 PM,8,0:,enter 8,,,
5,3:48 PM,8,.2,mating,0:,walking around,
5,3:49 PM,11,.1,mating,7.,N/A,
5,4:02 PM,10,.7,mating,7.,N/A,
5,4:04 PM,7,3.,enter 7,,,
5,4:05 PM,4,.3,exit,N/A,,No longer with 1:
5,4:06 PM,3,.3,enter 3,.8,N/A,
5,4:07 PM,7,3.,Exit 7,,,
5,4:07 PM,9,3.,Enter 9,,,
5,4:13 PM,10,.9,Mount,7.,Ran away and out of shelter,
5,4:14 PM,7,7.,enter 7,9.,N/A,
5,4:15 PM,7,7.,Exit 7,N/A,,
5,4:16 PM,7,7.,Enter 7,N/A,,
5,4:16 PM,10,.9,Exit 10,N/A,,
5,4:17 PM,10,.9,Enter 10,.6,,
5,4:18 PM,7,7.,Exit 7,,,
5,4:21 PM,7,7.,Enter 7,9.,,
5,4:23 PM,7,7.,Exit 7,N/A,,
5,4:24 PM,8,7.,Enter 8,,,
5,4:25 PM,8,7.,Exit 8,,,
5,4:25 PM,7,7.,Enter 7,:1,,
5,4:26 PM,7,7.,Exit 7,,,
5,4:28 PM,Outside 2,.3,Mating,0:,Ran away after,
5,4:29 PM,8,7.,Enter 8,.2,,
5,4:30 PM,3,0:,Enter 3,1:,,
5,4:31 PM,4,7.,Enter 4,,,
5,4:31 PM,4,7.,Exit 4,,,
5,4:31 PM,3,0:,Exit 3,,,
5,4:32 PM,3,0:,Enter 3,.8,,
5,4:33 PM,4,7.,Enter 4,,,
5,4:33 PM,4,7.,Exit 4,,,
5,4:35 PM,3,0:,Exit 3,,,
5,4:37 PM,10,0:,Enter 10,.6,,
5,4:37 PM,2,.3,Exit 2,,,
5,4:38 PM,11,.3,Enter 11,".2, 8.",,
5,4:40 PM,6,7.,Enter 6,,,
5,4:41 PM,6,7.,Exit 6,,,
5,4:41 PPM,11,.3,Exit 11,,,
5,4:42 PM,11,.3,Enter 11,"2., 1., 8.",,
5,4:42 PM,2,7.,Enter 2,,,
5,4:44 PM,10,.6,mount,0:,firmly pressed against wall,
6,9:27 AM,11,8.,shaking,N/A,,
6,9:48 AM,7,.0,mating,9.,ran away,".0 stayed on top after, 9. got away after"
6,10:06 AM,7,9.,enter,N/A,,
6,10:07 AM,10,.3,moved within shelter,.1,N/A,
6,10:11 AM,10,.3,moved within shelter,7.,N/A,
6,10:13 AM,10,.3,moved within shelter,.6 and .1,N/A,
6,10:15 AM,7,9.,exit,N/A,,
6,10:15 AM,12,:0,moved within shelter,0.,N/A,:0 moved away from 0.
6,10:18 AM,10,7.,shaking,N/A,,
6,10:20 AM,1,.7,moved within shelter,.4,N/A,.7 stayed on top of .4
6,10:22 AM,12,0.,moved within shelter,6.,6. moved away,
6,10:23 AM,10,.1,mating,7.,7. ran into wall,
6,10:26 AM,10,7.,shaking,N/A,,
6,10:28 AM,9,9.,enter,N/A,,
6,10:30 AM,9,9.,exit,N/A,,
6,10:31 AM,10,.1,mount,7.,N/A,
6,10:32 AM,10,.1,mount,.3,N/A,
6,10:32 AM,9,9.,exit,N/A,,
6,10:36 AM,10,7.,moved within shelter and bumped,.1,N/A,7. bumped into .1 but moved to be isolated
6,10:37 AM,10,7.,shaking,N/A,,
6,10:39 AM,9,9.,enter,N/A,,
6,10:40 AM,9,9.,shaking,N/A,,
6,10:41 AM,9,9.,exit,N/A,,
6,10:41 AM,11,.9,mount,2. and 8.,2. ran away. 8. pushed their back into wall,
6,10:45 AM,11,.9,mount,8.,N/A,
6,10:46 AM,11,.9,mating,8.,N/A,"8. bumped .9 before .9 jumped on, .9 rearranged  a few times and stayed on"
6,10:49 AM,11,.9,mount,8.,8. pushed back into the wall,
6,11:06 AM,11,2.,shaking,N/A,,
6,11:12 AM,3,1:,shaking,N/A,,
6,11:21 AM,11,8.,move within 11,.9,N/A,
6,11:22 AM,11,.9,mount,8.,N/A,.9 stopped shortly
6,11:25 AM,3,1:,exit 3,,,
6,11:25 AM,2,1:,enter 2,,,
6,11:27 AM,11,8.,move within 11,2.,N/A,No longer with .9
6,11:31 AM,10,.3,mount,.1,N/A,
6,11:32 AM,10,.6,mount,.1,N/A,
6,11:36 AM,12,:0,move within 11,0. and 6.,N/A,no longer with .8
6,11:39 AM,12,:0,mount,6.,N/A,stopped quickly
6,11:40 AM,12,.8,mount,:0,shaking a bit,
6,11:41 AM,10,.3,mount,.1,N/A,
6,11:42 AM,7,3.,move within 7,:1,N/A,
6,12:16 PM,10,.6,mount,.6,N/A,
6,12:17 PM,8,9.,enter 8,.2,mount,
6,12:18 PM,8,.2,mating,9.,N/A,
6,12:19 PM,8,9.,exit 8,N/A,,
6,12:20 PM,12,6.,shaking,N/A,,moved away from .8 a litte
6,12:22 PM,3,1:,shaking,N/A,,
6,12:22 PM,10,.1,move within 10,N/A,,no longer with big group
6,12:23 PM,7,9.,enter 7,N/A,,
6,12:23 PM,7,:1,mount,9.,ran away,
6,12:24 PM,7,.0,mount,9.,ran away,
6,12:25 PM,2,1:,exit,N/A,,
6,12:28 PM,9,1:,enter,N/A,,
6,12:30 PM,9,1:,exit,N/A,,
6,12:34 PM,1,1:,enter,.7,,
6,12:34 PM,1,.7,mount,1:,Ran away and left shelter 1,
6,12:37 PM,12,.8,mount,6.,Tried to run away,Looked like mating but .8 got off after around 10 seconds
6,12:37 PM,12,:0,mount,6.,N/A,tried to mount 6. while .8 was mounting her
6,12:40 PM,12,.8,mount,6.,pinned against wall,
6,12:41 PM,12,1:,exit,N/A,,
6,12:42 PM,outside 10,.1,mating,1:,walking around,
6,12:42 PM,outside 10,.5,mount,1:,N/A,trying to mount multiple times while .1 and 1: are mating
6,12:43 PM,outside 10,.5,mount,1:,N/A,
6,12:43 PM,7,1:,enter ,N/A,,
6,12:45 PM,10,.5,mating,7.,N/A,
6,12:45 PM,10,.3,mount,7.,N/A,trying to mount while .5 was mating with 7.
6,12:45 PM,10,.3,mount,.5,N/A,looked very aggressive (curled abdomen under etc)
6,12:47 PM,10,.6,mount,7.,pinned against wall,
6,12:47 PM,10,.6,mount,.3,N/A,
6,12:47 PM,11,.1,enter,N/A,,
6,12:48 PM,12,6.,exit,N/A,,
6,12:50 PM,8,.2,mating,1:,N/A,
6,1:04 PM,10,.3,mount,.5,N/A,
6,1:05 PM,10,.6,mount,.3,N/A,
6,1:13 PM,8,9.,enter,N/A,,
6,1:15 PM,12,0.,exit,N/A,,
6,1:17 PM,12,0.,enter,N/A,,
6,1:21 PM,8,9.,exit,,,
6,1:22 PM,2,9.,enter,,,
6,1:25 PM,11,.9,move within shelter,.1 and 8.,N/A,
6,1:27 PM,open,1:,bump,6.,ran away,
6,1:32 PM,2,9.,exit,,,
6,1:32 PM,10,9.,enter,".6, 5., 0:, 1.",,joined big group
6,1:33 PM,10,.6,mating,9.,N/A,
6,1:37 PM,10,1:,enter,N/A,,Not with big group
6,1:37 PM,10,.3,mount,9.,N/A,Looked like mating but less than 30 seconds
6,1:39 PM,10,9.,move within shelter,N/A,,Left big group
6,1:41 PM,10,6.,Enter,,,
6,1:41 PM,10,.5,move within shelter,N/A,,Moved away from big group
6,1:42 PM,10,9.,exit 10,,,
6,1:43 PM,10,6.,Exit,,,
6,1:46 PM,open,9.,bump,6.,ran away,
6,1:46 PM,12,6.,enter,.8,,
6,1:47 PM,12,.8,mount,6.,ran away and joined :0,
6,1:48 PM,10,.3,mount,1:,ran away from bit group,
6,1:48 PM,10,.3,mount,.5,N/A,
6,1:49 PM,10,.3,mount,.5,N/A,
6,2:05 PM,4,1:,exit 4,N/A,,
6,2:05 PM,7,.0,move within 7,"3., :1",N/A,
6,2:07 PM,open,1:,bump,9.,N/A,
6,2:08 PM,12,6.,Exit,,,
6,2:10 PM,11,.1,exit,,,
6,2:11 PM,outside 10,.1,mount ,.5,mount back,
6,2:11 PM,10,.1,enter,N/A,,
6,2:11 PM,10,.6,mount,.1,N/A,
6,2:11 PM,10,1:,enter 10,lots,N/A,joined big group
6,2:12 PM,1,0.,enter,N/A,N/A,
6,2:12 PM,1,.7,mating,0.,N/A,
6,2:12 PM,1,.4,mount,0.,N/A,mounting 0. while .7 was mating with her
6,2:15 PM,10,.5,exit 10,,,
6,2:20 PM,outside 10,.1,mount,6.,ran away,
6,2:20 PM,outside 10,.5,mount,6.,ran away,mounting .1 who was on 6.
6,2:23 PM,1,.4,mating,0.,walking around,
6,2:24 PM,2,9.,enter 2,N/A,,
6,2:26 PM,8,6.,enter 8,N/A,,
6,2:26 PM,10,.5,mount,.1,N/A,stopped quickly
6,2:29 PM,1,0.,shaking,N/A,N/A,
6,2:35 PM,1,0.,Exit,N/A,,
6,2:36 PM,8,6.,exit 8,,,
6,2:37 PM,5,0.,Enter 5,,,
6,2:37 PM,9,6.,Enter 9,,,
6,2:38 PM,9,6.,Enter 9,,,
6,2:40 PM,10,.1,move within 10,lots,,Joined big group
6,2:41 PM,9,6.,Exit 9,,,
6,2:41 PM,11,6.,Enter 11,.9 and 8.,N/A,
6,2:43 PM,11,.9,Mount,6.,pressed against wall,
6,2:45 PM,5,0.,Exit,,,
6,2:45 PM,4,0.,Enter,,,
6,2:46 PM,4,0.,Exit 4,,,
6,2:49 PM,7,.0,move within shelter,":1, 3.",N/A,
6,3:06 PM,8,9.,Exit 8,,,
6,3:07 PM,7,8.,Enter 7,"3., .0, :1",N/A,
6,3:11 PM,2,0.,Enter 2,,,
6,3:13 PM,11,8.,Enter 11,,,
6,3:15 PM,2,0.,shaking,,,
6,3:17 PM,11,6.,move within shelter,2.,N/A,
6,3:21 PM,11,.9,mount,6.,N/A,Looked like he was going to mate and then just stopped?
6,3:25 PM,11,6.,Exit,,,
6,3:25 PM,10,6.,Enter ,lots,,Joined big group
6,3:26 PM,10,.3,Mount,6.,N/A,
6,3:32 PM,10,.3,Mount,.6,N/A,
6,3:35 PM,1,.4,Move within shelter,.7,N/A,
6,3:36 PM,10,.3,move within shelter,N/A,N/A,No longer with the big group
6,3:48 PM,10,.6,mount,.1,N/A,ended shortly
6,3:49 PM,10,.3,mount,.1,N/A,ended shortly
6,4:18 PM,11,.9,Exit,N/A,,
6,4:18 PM,10,.1,Mount,.6,,
6,4:18 PM,11,.9,Enter,N/A,,
6,4:30 PM,7,9.,Exit,N/A,,
6,4:31 PM,1,9.,Enter 1,".4, .7",,
6,4:34 PM,1,9.,Move within 1,N/A,,
6,4:39 PM,1,.4,Move within 1,9.,,
6,4:48 PM,1,.4,Mount,9.,Run away ,
6,4:49 PM,1,9.,Move within 1,N/A,,
